{
    "model":".\/src\/models\/regression_models\/RF\/multi_dimension_all\/241016_model_no_industry.pkl",
    "predictions":{
        "having_finished_successfully":-0.0133236013,
        "having_a_problem":-0.145682922,
        "process_ongoing":-0.0552964223,
        "being_ready":0.0012635016,
        "having_news":-0.020814916,
        "being_empty":-0.1258136844,
        "shutting_down":-0.0896412464,
        "negative_warnings":-0.1547426922,
        "urgency_reminder":-0.0258923439,
        "encouraging_confirmations":0.0008096821,
        "starting_prompts":0.0062825963,
        "waiting_prompts":-0.0873266117,
        "sophistication":-0.0134188335,
        "positivity":0.0069508104,
        "progressiveness":-0.0128672582,
        "dominance":-0.049864327,
        "solidity":-0.020247014,
        "purity":-0.0363471043,
        "playfulness":-0.0411518862
    }
}